Therefore I Am,n ingles,Bulgaria,Rusia,Ucrania,Eslovaquia,Rumania,Hungria,Polonia,Republica Checa,Letonia,Lituania,Estonia
Prisoner (feat. Dua Lipa),n ingles,Bulgaria,Rusia,Ucrania,Eslovaquia,Rumania,Hungria,Polonia,Republica Checa,Letonia,Lituania,Estonia
positions,n ingles,Bulgaria,,Ucrania,Eslovaquia,Rumania,Hungria,Polonia,Republica Checa,Letonia,Lituania,Estonia
Life Goes On,n ingles,Bulgaria,Rusia,Ucrania,Eslovaquia,Rumania,Hungria,Polonia,Republica Checa,Letonia,Lituania,Estonia
Dynamite,n koreano,Bulgaria,Rusia,Ucrania,Eslovaquia,Rumania,Hungria,Polonia,Republica Checa,Letonia,Lituania,Estonia
"Lemonade (feat. Gunna, Don Toliver & NAV)",n ingles,Bulgaria,,Ucrania,Eslovaquia,Rumania,Hungria,Polonia,Republica Checa,Letonia,Lituania,Estonia
Monster (Shawn Mendes & Justin Bieber),n ingles,Bulgaria,,,Eslovaquia,Rumania,Hungria,Polonia,Republica Checa,Letonia,Lituania,Estonia
Mood (feat. iann dior),n ingles,Bulgaria,,Ucrania,Eslovaquia,Rumania,Hungria,Polonia,Republica Checa,Letonia,Lituania,Estonia
Fly To My Room,n koreano,Bulgaria,Rusia,Ucrania,Eslovaquia,Rumania,,Polonia,,Letonia,Lituania,Estonia
Blue & Grey,n koreano,Bulgaria,Rusia,Ucrania,Eslovaquia,Rumania,,Polonia,,Letonia,Lituania,Estonia
Dis-ease,n koreano,Bulgaria,Rusia,Ucrania,Eslovaquia,Rumania,,Polonia,,Letonia,Lituania,Estonia
Telepathy,n koreano,Bulgaria,Rusia,Ucrania,Eslovaquia,Rumania,,Polonia,,Letonia,Lituania,Estonia
S.O.S,n ingles,Bulgaria,,,,,,,,,,
Stay,n ingles,Bulgaria,Rusia,Ucrania,Eslovaquia,Rumania,,Polonia,,Letonia,Lituania,Estonia
For The Night (feat. Lil Baby & DaBaby),n ingles,Bulgaria,,,,Rumania,Hungria,,,Letonia,Lituania,Estonia
Gledai me,s bulgaro,Bulgaria,,,,,,,,,,
WAP (feat. Megan Thee Stallion),n ingles,Bulgaria,,,Eslovaquia,Rumania,Hungria,,,Letonia,Lituania,Estonia
ÐšÐ°Ð²Ð°Ð»Ð° ÐºÑŽÑ‡ÐµÐº,s bulgaro,Bulgaria,,,,,,,,,,
FRANCHISE (feat. Young Thug & M.I.A.),n ingles,Bulgaria,,,,Rumania,,,,,,
What You Know Bout Love,n ingles,Bulgaria,,,Eslovaquia,Rumania,Hungria,,Republica Checa,Letonia,Lituania,Estonia
"ÐÐµ, Ð¼ÐµÑ€ÑÐ¸ - Single",s bulgaro,Bulgaria,,,,,,,,,,
Dior,n ingles,Bulgaria,,,,Rumania,,,,,,
ROCKSTAR (feat. Roddy Ricch),n ingles,Bulgaria,,,Eslovaquia,Rumania,Hungria,,Republica Checa,Letonia,,Estonia
POPSTAR (feat. Drake),n ingles,Bulgaria,,,,,,,,,,
HawÃ¡i - Remix,n español,Bulgaria,,,,Rumania,,,,,Lituania,
HIGHEST IN THE ROOM,n ingles,Bulgaria,,,,Rumania,,,,,,
you broke me first,n ingles,Bulgaria,,,Eslovaquia,Rumania,Hungria,,Republica Checa,Letonia,Lituania,Estonia
Skit,n koreano,Bulgaria,Rusia,Ucrania,,Rumania,,,,,,
Blinding Lights,n ingles,Bulgaria,Rusia,Ucrania,Eslovaquia,Rumania,Hungria,Polonia,Republica Checa,Letonia,Lituania,Estonia
34+35,n ingles,Bulgaria,,,,Rumania,,,,,Lituania,
HOLIDAY,n ingles,Bulgaria,,,,Rumania,Hungria,,,Letonia,Lituania,Estonia
Watermelon Sugar,n ingles,Bulgaria,,,Eslovaquia,Rumania,Hungria,Polonia,Republica Checa,Letonia,Lituania,Estonia
Midnight Sky,n ingles,Bulgaria,,,Eslovaquia,,Hungria,Polonia,,,Lituania,Estonia
E-GIRLS ARE RUINING MY LIFE!,n ingles,Bulgaria,,,,,,,,,,
ÐÐ°Ð»Ð¸Ð²Ð°Ð¹ Ð¼Ð¸ feat. D3MO,s bulgaro,Bulgaria,,,,,,,,,,
Levitating (feat. DaBaby),n ingles,Bulgaria,,,,,Hungria,,,Letonia,Lituania,Estonia
Whoopty,n ingles,Bulgaria,,,,Rumania,,,,Letonia,,
ÐšÑ€Ð°ÑÐ¸Ð²Ð¸ Ð»ÑŠÐ¶Ð¸,s bulgaro,Bulgaria,,,,,,,,,,
goosebumps,n ingles,Bulgaria,,,,Rumania,,,,,,
Granitsi / Den mporo,s bulgaro,Bulgaria,,,,,,,,,,
MORE,n koreano,Bulgaria,,,,,,,,,,
Lonely (with benny blanco),n ingles,Bulgaria,,,Eslovaquia,Rumania,Hungria,Polonia,Republica Checa,Letonia,Lituania,Estonia
Daisy,n ingles,Bulgaria,,,,Rumania,,,,Letonia,,
Deep End,n ingles,Bulgaria,Rusia,Ucrania,Eslovaquia,Rumania,Hungria,,,Letonia,Lituania,Estonia
Breaking Me,n ingles,Bulgaria,,,Eslovaquia,,Hungria,,Republica Checa,,Lituania,
Roses - Imanbek Remix,n ingles,Bulgaria,,,Eslovaquia,Rumania,Hungria,,Republica Checa,Letonia,Lituania,
Head & Heart (feat. MNEK),n ingles,Bulgaria,,,Eslovaquia,Rumania,Hungria,Polonia,Republica Checa,Letonia,Lituania,Estonia
100 zhivota,s bulgaro,Bulgaria,,,,,,,,,,
Life Is Good (feat. Drake),n ingles,Bulgaria,,,,,,,,,,
Ð¡Ð½Ð¾Ð²Ð° Ñ Ð½Ð°Ð¿Ð¸Ð²Ð°ÑŽÑÑŒ,s ruso,,Rusia,Ucrania,,,,,,Letonia,,Estonia
ÐŸÐ¾ Ð“Ð»Ð°Ð·Ð°Ð¼,s ruso,,Rusia,Ucrania,,,,,,Letonia,,
WATAFUK?!,s ruso,,Rusia,Ucrania,,,,,,Letonia,,
ÐŸÐÐ¦ÐÐÐ« II,s ruso,,Rusia,Ucrania,,,,,,,,
Ð‘Ñ‹ÑÑ‚Ñ€Ð¾,s ruso,,Rusia,Ucrania,,,,,,Letonia,,
Ð›Ð¾Ð³Ð°Ð½,s ruso,,Rusia,Ucrania,,,,,,,,
Block Baby,n ingles,,Rusia,Ucrania,,,,,,,,
Ð”ÐµÐ¶Ð°Ð²ÑŽ,s ruso,,Rusia,Ucrania,,,,,,,,
ÐœÐ¾Ð»Ð¾Ð´Ð¾ÑÑ‚ÑŒ,s ruso,,Rusia,,,,,,,,,
ÐÐ£Ð¤,s ruso,,Rusia,Ucrania,,,,,,,,
Ð—Ð»Ð¾Ð¹,s ruso,,Rusia,Ucrania,,,,,,,,
Whistle Song,n ingles,,Rusia,Ucrania,,,,,,,,
ÐžÐºÐµÐ¹,s ruso,,Rusia,Ucrania,,,,,,Letonia,,
El Problema - prod. SLAVA MARLOW,n español,,Rusia,Ucrania,,,,,,Letonia,,
ÐœÐ°Ð½Ð´ÐµÐ¼ (feat. OG Buda),s ruso,,Rusia,Ucrania,,,,,,,,
ÐœÐ¾ÑÐºÐ²Ð° Ð»ÑŽÐ±Ð¸Ñ‚...,s ruso,,Rusia,Ucrania,,,,,,,,
Ð¢Ð»ÐµÐµÑ‚,s ruso,,Rusia,Ucrania,,,,,,Letonia,,
Ð§Ñ‚Ð¾ Ð·Ð° Ð±Ð¸Ð·Ð½ÐµÑ ÑÑƒÐºÐ°?,s ruso,,Rusia,Ucrania,,,,,,,,
ÐŸÐ¾Ð»Ð¾Ð¶ÐµÐ½Ð¸Ðµ,s ruso,,Rusia,Ucrania,,,,,,,,
Bad Blood (feat. Tory Lanez),n ingles,,Rusia,Ucrania,,,,,,,,
Ð’Ñ‚ÑŽÑ€Ð¸Ð»Ð°ÑÑŒ,s ruso,,Rusia,,,,,,,,,
ÐžÑÐµÐ½ÑŒ Ð¿ÑŒÑÐ½Ð°Ñ,s ruso,,Rusia,,,,,,,,,
"Ð¡Ð›ÐÐ—Ð« - Ð˜Ð· Ñ‚/Ñˆ ""ÐŸÐ°Ñ†Ð°Ð½ÐºÐ¸""",s ruso,,Rusia,,,,,,,,,
ÐŸÐ¾ÑÐ»ÐµÐ´Ð½Ð¸Ð¹ Ñ‚Ð°Ð½ÐµÑ†,s ruso,,Rusia,Ucrania,,,,,,,,
Rolls Royce,n ingles,,Rusia,Ucrania,,,,,,Letonia,,
Minor,n ingles,,Rusia,,,,,,,,,
Monday,n ingles,,Rusia,,,,,,,,,
ÐšÐ¾Ð»Ñ…Ð¾Ð·Ð½Ð¸Ðº,s ruso,,Rusia,Ucrania,,,,,,,,
Fendi,n ingles,,Rusia,Ucrania,,,,,,,,
Honey's Kettle,n ingles,,Rusia,Ucrania,,,,,,,,
ÐœÐµÐ½Ñ Ð½Ðµ Ð±ÑƒÐ´ÐµÑ‚,s ruso,,Rusia,,,,,,,,,
Friendly Fire - Prod. Avepack,n ingles,,Rusia,Ucrania,,,,,,,,
Ð•ÑÐ»Ð¸ Ñ‚ÐµÐ±Ðµ Ð±ÑƒÐ´ÐµÑ‚ Ð³Ñ€ÑƒÑÑ‚Ð½Ð¾,s ruso,,Rusia,,,,,,,,,
Plug,n ingles,,Rusia,Ucrania,,,,,,,,
Cadillac,n ingles,,Rusia,Ucrania,,,,,,Letonia,,
Wassup homie,n ingles,,Rusia,Ucrania,,,,,,,,
Ð¡Ð¸ÑÐ¹,s ruso,,Rusia,,,,,,,,,
Narcos,n ingles,,,Ucrania,,,,,,,,
ÐŸÐ¾Ð±Ð¾Ð»ÐµÐ»Ð¾ Ð¸ Ð¿Ñ€Ð¾ÑˆÐ»Ð¾,s ucraniano,,,Ucrania,,,,,,Letonia,,
Ð˜Ð·Ð¸ Ð°Ñ€Ð¸Ñ„Ð¼ÐµÑ‚Ð¸ÐºÐ°,s ucraniano,,,Ucrania,,,,,,,,
Milly Rock,n ingles,,,Ucrania,,,,,,,,
Trapazoid,n ingles,,,Ucrania,,,,,,,,
G Shit,n ingles,,,Ucrania,,,,,,,,
The Business,n ingles,,,,Eslovaquia,,Hungria,,Republica Checa,Letonia,Lituania,Estonia
Pumpa,n eslovaco,,,,Eslovaquia,,,,Republica Checa,,,
MONEY2,s eslovaco,,,,Eslovaquia,,,,,,,
Designer Flow,s checo,,,,Eslovaquia,,,,Republica Checa,,,
Zatmenie,s eslovaco,,,,Eslovaquia,,,,,,,
HAWAII,n español,,,,Eslovaquia,,,,,,,
Take You Dancing,n ingles,,,,Eslovaquia,Rumania,Hungria,Polonia,Republica Checa,Letonia,Lituania,
Viac,s eslovaco,,,,Eslovaquia,,,,,,,
Never Let Me Down,n ingles,,,,Eslovaquia,,,,,,,
Rolls,s checo,,,,Eslovaquia,,,,Republica Checa,,,
Paradise (feat. Dermot Kennedy),n ingles,,,,Eslovaquia,,Hungria,,,,Lituania,Estonia
Fajn,s eslovaco,,,,Eslovaquia,,,,,,,
Å Ã­lenÃ½,s checo,,,,Eslovaquia,,,,Republica Checa,,,
Ruka Na Volante,s eslovaco,,,,Eslovaquia,,,,,,,
Head Shoulders Knees & Toes (feat. Norma Jean Martine),n ingles,,,,Eslovaquia,,Hungria,Polonia,Republica Checa,,,
All I Want for Christmas Is You,n ingles,,,,Eslovaquia,Rumania,Hungria,,Republica Checa,Letonia,,Estonia
Doug Demuro,s rumano,,,,Eslovaquia,,,,,,,
Å½ijeme podÄ¾a,s eslovaco,,,,Eslovaquia,,,,,,,
CelÃ½ Hood,s eslovaco,,,,Eslovaquia,,,,,,,
Holy (feat. Chance The Rapper),n ingles,,,,Eslovaquia,,Hungria,,,,Lituania,Estonia
Last Christmas,n ingles,,,,Eslovaquia,,,,,,,Estonia
Chief Rocka,n ingles,,,,Eslovaquia,,,,,,,
ZlÃ¡ aj dobrÃ¡ sprÃ¡va,s eslovaco,,,,Eslovaquia,,,,,,,
No flex,n ingles,,,,Eslovaquia,,,,,,,
BETO,s rumano,,,,,Rumania,,,,,,
Double Up,s rumano,,,,,Rumania,,,,,,
Manca-Ti-as Hazu,s rumano,,,,,Rumania,,,,,,
Noaptea Golanii,s rumano,,,,,Rumania,,,,,,
Dala Dumla,s rumano,,,,,Rumania,,,,,,
Mili,s rumano,,,,,Rumania,,,,,,
Dragostea Ta,s rumano,,,,,Rumania,,,,,,
Savana,s rumano,,,,,Rumania,,,,,,
M6,s rumano,,,,,Rumania,,,,,,
Miami Bici,s rumano,,,,,Rumania,,,,,,
Sweater Weather,n ingles,,,,,Rumania,,,,Letonia,,
60 De Zile,s rumano,,,,,Rumania,,,,,,
Treaba Ei,s rumano,,,,,Rumania,,,,,,
TalÃ¡n,s rumano,,,,,,Hungria,,,,,
Ã‰vszakok,s rumano,,,,,,Hungria,,,,,
Lej,n frances,,,,,,Hungria,,,,,
EmlÃ©kszem (Vagy...),s hungaro,,,,,,Hungria,,,,,
Kings & Queens,n ingles,,,,,,Hungria,,,,,
Boldog Leszek (LevegÅ‘ be),s hungaro,,,,,,Hungria,,,,,
Tavasz,s hungaro,,,,,,Hungria,,,,,
RÃ³zsÃ¡k,s hungaro,,,,,,Hungria,,,,,
Keverem,s hungaro,,,,,,Hungria,,,,,
HÃ¡borgÃ³ mÃ©lysÃ©g 2,s hungaro,,,,,,Hungria,,,,,
Lovefool,n ingles,,,,,,Hungria,,,,,
Olyan Å,s hungaro,,,,,,Hungria,,,,,
Some Say - Felix Jaehn Remix,n ingles,,,,,,Hungria,,,,,
BudÃ¡n vagy Pesten,s hungaro,,,,,,Hungria,,,,,
"Szeretni, akit nem lehet",s hungaro,,,,,,Hungria,,,,,
Wonder,n ingles,,,,,,Hungria,,,Letonia,,
Savage Love (Laxed - Siren Beat),n ingles,,,,,,Hungria,,,,,
MostantÃ³l,s hungaro,,,,,,Hungria,,,,,
Visz a vÃ©rem,s hungaro,,,,,,Hungria,,,,,
On My Mind,n ingles,,,,,,Hungria,,,,,
Rewolucja Romantyczna,s polaco,,,,,,,Polonia,,,,
FALA,n ingles,,,,,,,Polonia,,,,
Aromatyczne Przyprawy,s polaco,,,,,,,Polonia,,,,
Testarossa,n ingles,,,,,,,Polonia,,,,
Nad ranem,s polaco,,,,,,,Polonia,,,,
Billy Kid,n ingles,,,,,,,Polonia,,,,
Nisko jest niebo (prod. Auer),s polaco,,,,,,,Polonia,,,,
ULALA,s polaco,,,,,,,Polonia,,,,
zbastuj bajerke,s polaco,,,,,,,Polonia,,,,
Dwutakt,s polaco,,,,,,,Polonia,,,,
KUSHKOMA,s polaco,,,,,,,Polonia,,,,
BUBBLETEA,s polaco,,,,,,,Polonia,,,,
Impreza,s polaco,,,,,,,Polonia,,,,
Polskie Tango,s polaco,,,,,,,Polonia,,,,
Panamera,s ruso,,,,,,,Polonia,,,,
Fefe,n ingles,,,,,,,Polonia,,,,
Kapitan,s polaco,,,,,,,Polonia,,,,
halo,n ingles,,,,,,,Polonia,,,,
Yin Yang,s polaco,,,,,,,Polonia,,,,
GOMBAO 33,s polaco,,,,,,,Polonia,,,,
Europa,s polaco,,,,,,,Polonia,,,,
Gra o tron,s polaco,,,,,,,Polonia,,,,
Hypnotized,n ingles,,,,,,,Polonia,,,Lituania,
Schodki,s checo,,,,,,,Polonia,,,,
ziarnko do ziarnka,s polaco,,,,,,,Polonia,,,,
jumper,n ingles,,,,,,,Polonia,,,,
Oh oh (lalala),s polaco,,,,,,,Polonia,,,,
VOGUE,n ingles,,,,,,,Polonia,,,,
Mona Lisa,n ingles,,,,,,,Polonia,,,,
Je Mi Fajn,s croata,,,,,,,,Republica Checa,,,
Plastic,n ingles,,,,,,,,Republica Checa,,,
RozdÄ›lenÃ½ svÄ›ty,s checo,,,,,,,,Republica Checa,,,
Alucard,n ingles,,,,,,,,Republica Checa,,,
Panama,n ingles,,,,,,,,Republica Checa,,,
DlouhÃ½ noci,s checo,,,,,,,,Republica Checa,,,
Bounce (feat. Yzomandias),s checo,,,,,,,,Republica Checa,,,
Serotonin (feat. Ego),s checo,,,,,,,,Republica Checa,,,
RychlÃ­,s checo,,,,,,,,Republica Checa,,,
SvÄ›domÃ­,s checo,,,,,,,,Republica Checa,,,
RÅ¯Å¾e,s checo,,,,,,,,Republica Checa,,,
AÅ¾ na mÄ›sÃ­c,s checo,,,,,,,,Republica Checa,,,
Kolik,s checo,,,,,,,,Republica Checa,,,
El Camino,n español,,,,,,,,Republica Checa,,,
Mitsubishi,s checo,,,,,,,,Republica Checa,,,
Emoce Na Emoce,s checo,,,,,,,,Republica Checa,,,
PoslednÃ­ pÅ™Ã¡nÃ­,s checo,,,,,,,,Republica Checa,,,
RubÃ­n,s checo,,,,,,,,Republica Checa,,,
Mlha,s checo,,,,,,,,Republica Checa,,,
PÃ¡r slov,s checo,,,,,,,,Republica Checa,,,
Ela,s checo,,,,,,,,Republica Checa,,,
Stokujeme blok,s eslovaco,,,,,,,,Republica Checa,,,
Someone You Loved,n ingles,,,,,,,,Republica Checa,,,
365247,n koreano,,,,,,,,Republica Checa,,,
Draugs mans,n ingles,,,,,,,,,Letonia,,
Put Your Records On,n ingles,,,,,,,,,Letonia,Lituania,
Laugh Now Cry Later (feat. Lil Durk),n ingles,,,,,,,,,Letonia,Lituania,
Star Shopping,n ingles,,,,,,,,,Letonia,,
Heather,n ingles,,,,,,,,,Letonia,,
No Role Modelz,n ingles,,,,,,,,,Letonia,,
BaudÅ³ Bauda - Dj Karka Remix,s lituano,,,,,,,,,,Lituania,
Paskambink Man,s lituano,,,,,,,,,,Lituania,
DÅ¾esika,s lituano,,,,,,,,,,Lituania,
SavÄ™s,n finlandes,,,,,,,,,,Lituania,
MÄ—lyna MÄ—lyna,n finlandes,,,,,,,,,,Lituania,
Dreams - 2004 Remaster,n ingles,,,,,,,,,,Lituania,
17,n ingles,,,,,,,,,,Lituania,
A Lyga,s lituano,,,,,,,,,,Lituania,
Golden,n ingles,,,,,,,,,,Lituania,
TIESIOG NEGALIÃš,s lituano,,,,,,,,,,Lituania,
Taip Jau Gavosi,s lituano,,,,,,,,,,Lituania,
YES, n ingles,,,,,,,,,,Lituania,
Dakiti,n español,,,,,,,,,,Lituania,
Universum,n finlandes,,,,,,,,,,,Estonia
soolane vÃ¤rska,s estonio,,,,,,,,,,,Estonia
avokaado (leidsin ta),s estonio,,,,,,,,,,,Estonia
TahmanÃ¤gu,s estonio,,,,,,,,,,,Estonia
loodus ja hobused,s estonio,,,,,,,,,,,Estonia
Peo lÃµpp,s estonio,,,,,,,,,,,Estonia
01-Feb,s estonio,,,,,,,,,,,Estonia
niiea,s estonio,,,,,,,,,,,Estonia
Croissantid,s estonio,,,,,,,,,,,Estonia
AluspÃ¼kse,s estonio,,,,,,,,,,,Estonia
Maakas,s estonio,,,,,,,,,,,Estonia
EOS,s estonio,,,,,,,,,,,Estonia
PaaristÃµuked,s estonio,,,,,,,,,,,Estonia
Come & Go (with Marshmello),n ingles,,,,,,,,,,,Estonia
fÃ¼r Oksana,s lituano,,,,,,,,,,,Estonia
SOS (Siimi Remix),n ingles,,,,,,,,,,,Estonia
Laiaks LÃ¼Ã¼a,s estonio,,,,,,,,,,,Estonia
