SÃƒÂ£o Paulo,s portugues,Portugal,,,,,,,,,,,,,,,,,
"Lemonade (feat. Gunna, Don Toliver & NAV)",s ingles,Portugal,Alemania,Austria,,,,,,,,,,,,,,,
Mood (feat. iann dior),s ingles,Portugal,Alemania,Austria,,,,,,,,,,,,,,,
inesquecÃ­Â­vel,s portugues,Portugal,,,,,,,,,,,,,,,,,
Lonely (with Benny blanco),s ingles,Portugal,Alemania,Austria,Belgica,Dinamarca,,,,,,,,,,,,,
Fica,s portugues,Portugal,,,,,,,,,,,,,,,,,
positions,s ingles,Portugal,Alemania,Austria,Belgica,Dinamarca,,Finlandia,Francia,Grecia,Irlanda,Islandia,,Noruega,Paises Bajos,Reino Unido,Suecia,Suiza,Luxemburgo
Therefore I Am,s ingles,Portugal,Alemania,Austria,Belgica,Dinamarca,,Finlandia,,Grecia,Irlanda,Islandia,Italia,Noruega,Paises Bajos,Reino Unido,Suecia,Suiza,Luxemburgo
What You Know Bout Love,s ingles,Portugal,Alemania,Austria,,,,,,,,,,,,,,,
For The Night (feat. Lil Baby & DaBaby),s ingles,Portugal,Alemania,Austria,,,,,,,,,,,,,,,
Monster (Shawn Mendes & Justin Bieber),s ingles,Portugal,Alemania,,Belgica,Dinamarca,,,,,,,,,,,,,
Ronaldo,s portugues,Portugal,,,,,,,,,,,,,,,,,
Dakiti,s español,Portugal,,,,,esp,,,,,,Italia,,,,,Suiza,Luxemburgo
HawÃƒÂ¡i,s español,Portugal,,,,,esp,,,,,,,,,,,,
Mood Suings (feat. Lil Tjay),s ingles,Portugal,,,,,,,,,,,,,,,,,
Dynamite,n koreano,Portugal,Alemania,Austria,Belgica,,,Finlandia,Francia,Grecia,Irlanda,,Italia,Noruega,Paises Bajos,Reino Unido,,Suiza,Luxemburgo
Prisoner (feat. Dua Lipa),s ingles,Portugal,Alemania,,,,,,,,,,,,,,,,
Watermelon Sugar,s ingles,Portugal,,Austria,,,,,,,,,,,,,,,
Te Amo,s portugues,Portugal,,,,,,,,,,,,,,,,,
Blinding Lights,s ingles,Portugal,Alemania,Austria,Belgica,Dinamarca,,Finlandia,,Grecia,Irlanda,Islandia,,Noruega,Paises Bajos,Reino Unido,Suecia,Suiza,Luxemburgo
Nada a Esconder,s portugues,Portugal,,,,,,,,,,,,,,,,,
Head & Heart (feat. MNEK),s ingles,Portugal,Alemania,Austria,,,,,,,,,,,,,,,
Galileu,s portugues,Portugal,,,,,,,,,,,,,,,,,
Life Goes On,s ingles,Portugal,Alemania,,Belgica,,,Finlandia,,Grecia,,,,,,Reino Unido,,Suiza,Luxemburgo
ROCKSTAR (feat. Roddy Ricch),s ingles,Portugal,Alemania,Austria,,,,,,,,,,,,,,,
"Tempo (feat. T-Rex, LON3R JOHNY & BISPO)",s portugues,Portugal,,,,,,,,,,,,,,,,,
The City Is a Jungle,s ingles,Portugal,,,,,,,,,,,,,,,,,
VianaViceCity,s portugues,Portugal,,,,,,,,,,,,,,,,,
Breaking Me,s ingles,Portugal,,Austria,Belgica,,,,,,,,Italia,,,,Suecia,Suiza,Luxemburgo
Resort,s ingles,Portugal,,,,,,,,,,,,,,,,,
Laugh Now Cry Later (feat. Lil Durk),s ingles,Portugal,,,,,,,,,,,,,,,,,
UN DIA (ONE DAY) (feat. Tainy),s ingles,Portugal,,,,,,,,,,,,,,,,,
WAP (feat. Megan Thee Stallion),s ingles,Portugal,,Austria,,,,,,,,,,,,,,,
The Woo (feat. 50 Cent & Roddy Ricch),s ingles,Portugal,,,,,,,,,,,,,,,,,
Oh Juliana,s portugues,Portugal,,,,,,,,,,,,,,,,,
you broke me first,s ingles,Portugal,Alemania,Austria,Belgica,Dinamarca,,Finlandia,,,Irlanda,Islandia,,Noruega,Paises Bajos,Reino Unido,Suecia,Suiza,
Take You Dancing,s ingles,Portugal,Alemania,Austria,Belgica,,,Finlandia,,,Irlanda,Islandia,,Noruega,Paises Bajos,Reino Unido,,Suiza,Luxemburgo
Fly To My Room,s ingles,Portugal,,,,,,,,Grecia,,,,,,Reino Unido,,,
Dado,s portugues,Portugal,,,,,,,,,,,,,,,,,
Vai Ter Que Aguentar,s portugues,Portugal,,,,,,,,,,,,,,,,,
Blue & Greeceey,n koreano,Portugal,,,,,,,,Grecia,,,,,,,,,
Put Your Records On,s ingles,Portugal,,Austria,Belgica,Dinamarca,,,,,Irlanda,Islandia,,Noruega,Paises Bajos,Reino Unido,Suecia,,Luxemburgo
Heather,s ingles,Portugal,,,,,,,,,,,,,,,,,
34+35,s ingles,Portugal,,,,,,,,,Irlanda,,,,,Reino Unido,,,
Comprei um LanÃƒÂ§a,s portugues,Portugal,,,,,,,,,,,,,,,,,
Freaky,s ingles,Portugal,,,,,,,,,,,,,,,,,
Telepathy,s ingles,Portugal,,,,,,,,,,,,,,,,,
00 Fala Bonito,s portugues,Portugal,,,,,,,,,,,,,,,,,
Festa,s portugues,Portugal,,,,,,,,,,,,,,,,,
Dis-ease,n koreano,Portugal,,,,,,,,Grecia,,,,,,,,,
Down,s aleman,,Alemania,,,,,,,,,,,,,,,Suiza,
Woher (feat. Sido),s aleman,,Alemania,,,,,,,,,,,,,,,,
Angeklagt,s aleman,,Alemania,Austria,,,,,,,,,,,,,,Suiza,Luxemburgo
gebe auf.,s aleman,,Alemania,Austria,,,,,,,,,,,,,,,
Gestern nix heute Star (feat. Samra),s aleman,,Alemania,,,,,,,,,,,,,,,,
Ohne Dich,s aleman,,Alemania,,,,,,,,,,,,,,,Suiza,
100 BARS FINAL KILL,s aleman,,Alemania,,,,,,,,,,,,,,,Suiza,
Kennst du das ?!,s aleman,,Alemania,Austria,,,,,,,,,,,,,,Suiza,
Paradise,s ingles,,Alemania,Austria,,,,,,,,,,,,,,,
Head Shoulders Knees & Toes (feat. Norma Jean Martine),s ingles,,Alemania,Austria,,,,,,,,,,,,,,,
Habibi,s aleman,,Alemania,,,,,,,,,,,,,,,,
Wir sind dir TÃƒÂ¤ter,s aleman,,Alemania,,,,,,,,,,,,,,,,
Am Boden bleiben,s aleman,,Alemania,,,,,,,,,,,,,,,,
All We Got (feat. KIDDO),s ingles,,Alemania,Austria,,,,,,,,,,,,,,,
Monet,s aleman,,Alemania,,,,,,,,,,,,,,,,
Goosebumps,s ingles,,Alemania,,,,,,,,,,,,,,,,
Paradise (feat. Dermot Kennedy),s ingles,,Alemania,Austria,,,,,,,,,,,,,,,
Bist du Okay,s aleman,,Alemania,,,,,,,,,,,,,,,,
Kollektiv,s aleman,,Alemania,Austria,,,,,,,,,,,,,,,
Unterwegs,n koreano,,Alemania,Austria,,,,,,,,,,,,,,,
Elbe,s aleman,,Alemania,,,,,,,,,,,,,,,,
Tut mir nicht leid,s aleman,,Alemania,,,,,,,,,,,,,,,,
Jerusalema (feat. Nomcebo Zikode),n zulu,,Alemania,,,,,,,,,,,,,,,,
Gegenwart,s aleman,,Alemania,Austria,,,,,,,,,,,,,,,
Onkelz Poster,s aleman,,Alemania,,,,,,,,,,,,,,,,
DICH,s aleman,,Alemania,,,,,,,,,,,,,,,,
All I Want for Christmas Is You,s ingles,,Alemania,Austria,,Dinamarca,,Finlandia,,,Irlanda,Islandia,,Noruega,Paises Bajos,Reino Unido,Suecia,,
Hypnotized,s ingles,,Alemania,Austria,,,,,,,,,Italia,,,,,,
The Business,s ingles,,Alemania,,Belgica,Dinamarca,,,,,Irlanda,,,Noruega,Paises Bajos,,Suecia,,
Jetski,s aleman,,Alemania,,,,,,,,,,,,,,,,
Lovefool,s ingles,,Alemania,Austria,,,,,,,,,,,,,,,
Whoopty,s ingles,,Alemania,Austria,Belgica,Dinamarca,,,,Grecia,,Islandia,,Noruega,,Reino Unido,,Suiza,Luxemburgo
Last Christmas,s ingles,,,Austria,,Dinamarca,,Finlandia,,,Irlanda,Islandia,,Noruega,,Reino Unido,Suecia,,
Savage Love (Laxed - Siren Beat),s ingles,,,Austria,,,,,,,,,,,,,,,
Never Let Me Down,s ingles,,,Austria,,,,,,,,,,,,,,,
Hollywood,s ingles,,,Austria,,,,,,,,,,,,,,,
Santa Tell Me,s ingles,,,Austria,,Dinamarca,,,,,Irlanda,Islandia,,Noruega,,Reino Unido,,,
Wonder,s ingles,,,Austria,Belgica,,,,,,Irlanda,,,Noruega,Paises Bajos,,,Suiza,
Come & Go (with Marshmello),s ingles,,,Austria,,,,,,,Irlanda,,,,,,,,
Holy (feat. Chance The Rapper),s ingles,,,Austria,,,,,,,,,,,,,,,
Alien,s ingles,,,Austria,,,,,,,,,,,,,,,
Roses - Imanbek Remix,s ingles,,,Austria,,,,,,,,,,,,,,,
Giants,s ingles,,,Austria,,,,,,,Irlanda,,,,,,,Suiza,
Robbery,s ingles,,,Austria,,,,,,,,,,,,,,,
Merry Christmas Everyone,s ingles,,,Austria,,,,,,,,,,,,,,,
It's beginning to Look a Lot like Christmas,s ingles,,,Austria,,,,,,,,,,,,,,,
Underneath the Tree,s ingles,,,Austria,,,,,,,,,,,,,,,
FrÃ¼hstÃ¼ck in Paris,s aleman,,,Austria,,,,,,,,,,,,,,,
Driving Home for Christmas - 2019 Remaster,s aleman,,,Austria,,,,,,,,,,,,,,,
In meinem BÃ©lgicanz,s aleman,,,Austria,,,,,,,,,,,,,,,
Fever,s ingles,,,,Belgica,,,,Francia,,,,,,,,,Suiza,Luxemburgo
Mood (feat. iann dior),s ingles,,,,Belgica,Dinamarca,esp,Finlandia,Francia,Grecia,Irlanda,Islandia,Italia,Noruega,Paises Bajos,Reino Unido,Suecia,Suiza,Luxemburgo
"Lemonade (feat. Gunna, Don Toliver & NAV)",s ingles,,,,Belgica,Dinamarca,,Finlandia,Francia,Grecia,Irlanda,Islandia,Italia,Noruega,Paises Bajos,Reino Unido,Suecia,Suiza,Luxemburgo
Head & Heart (feat. MNEK),s ingles,,,,Belgica,Dinamarca,,Finlandia,,,Irlanda,Islandia,Italia,Noruega,Paises Bajos,Reino Unido,Suecia,Suiza,Luxemburgo
What You Know Bout Love,s ingles,,,,Belgica,Dinamarca,,Finlandia,Francia,Grecia,Irlanda,Islandia,Italia,Noruega,Paises Bajos,Reino Unido,Suecia,Suiza,Luxemburgo
9 1 1 3 (feat. SCH),s frances,,,,Belgica,,,,Francia,,,,,,,,,Suiza,Luxemburgo
Nu Wij Niet Meer Praten,s neerlandes,,,,Belgica,,,,,,,,,,Paises Bajos,,,,
Bande organisÃƒÂ©e,s frances,,,,Belgica,,,,Francia,,,,,,,,,,
Papillon,s frances,,,,Belgica,,,,Francia,,,,,,,,,Suiza,Luxemburgo
Prisoner (feat. Dua Lipa),s ingles,,,,Belgica,Dinamarca,esp,Finlandia,,Grecia,Irlanda,Islandia,,Noruega,Paises Bajos,Reino Unido,Suecia,Suiza,
For The Night (feat. Lil Baby & DaBaby),s ingles,,,,Belgica,Dinamarca,,Finlandia,,Grecia,Irlanda,Islandia,,Noruega,Paises Bajos,Reino Unido,Suecia,Suiza,Luxemburgo
Le sauveur,s frances,,,,Belgica,,,,Francia,,,,,,,,,,Luxemburgo
WAP (feat. Megan Thee Stallion),s ingles,,,,Belgica,Dinamarca,,Finlandia,,Grecia,Irlanda,Islandia,,Noruega,,Reino Unido,Suecia,,Luxemburgo
Ma jolir (feat. Leto),s frances,,,,Belgica,,,,Francia,,,,,,,,,Suiza,
Holy (feat. Chance The Rapper),s ingles,,,,Belgica,Dinamarca,,,,,Irlanda,Islandia,,Noruega,Paises Bajos,Reino Unido,Suecia,Suiza,Luxemburgo
Jerusalema (feat. Nomcebo Zikode),n zulu,,,,Belgica,,esp,,,,,,,,Paises Bajos,,,Suiza,Luxemburgo
Vergeet De Tijd,s neerlandes,,,,Belgica,,,,,,,,,,,,,,
Pistou,s frances,,,,Belgica,,,,Francia,,,,,,,,,,
ROCKSTAR (feat. Roddy Ricch),s ingles,,,,Belgica,,,,,Grecia,Irlanda,,,,,Reino Unido,,Suiza,Luxemburgo
Train Wreck,s ingles,,,,Belgica,,,,,,Irlanda,,,Noruega,,Reino Unido,Suecia,,
TLMA,s frances,,,,Belgica,,,,Francia,,,,,,,,,,Luxemburgo
Jolir nana,s frances,,,,Belgica,,,,,,,,,,,,,,
Watermelon Sugar,s ingles,,,,Belgica,,esp,,,Grecia,Irlanda,Islandia,,Noruega,Paises Bajos,Reino Unido,Suecia,Suiza,Luxemburgo
Someone To You,s ingles,,,,Belgica,,,,,,,,,,Paises Bajos,,,,
Vechter - Uit Lirfde Voor Muziek,s neerlandes,,,,Belgica,,,,,,,,,,,,,,
Madame,s frances,,,,Belgica,,,,Francia,,,,,,,,,,Luxemburgo
Midnight Sky,s ingles,,,,Belgica,,,Finlandia,,,Irlanda,,,Noruega,Paises Bajos,Reino Unido,Suecia,,Luxemburgo
Pollos Hermanos,s frances,,,,Belgica,,,,Francia,,,,,,,,,,Luxemburgo
Control,s ingles,,,,Belgica,,,,,,,,,,,,,,
Joli bÃƒÂ©bÃƒÂ©,s frances,,,,Belgica,,,,Francia,,,,,,,,,,Luxemburgo
Dance Monkey,s ingles,,,,Belgica,,,,,,,,,,,,,Suiza,Luxemburgo
Someone You Loved,s ingles,,,,Belgica,,,,,,,,,Noruega,,Reino Unido,,Suiza,
Mula,s frances,,,,Belgica,,,,Francia,,,,,,,,,,Luxemburgo
Plus Jamais (feat. Stormzy),s frances,,,,Belgica,,,,Francia,,,,,,,,,Suiza,
Cooler Than Me,s ingles,,,,Belgica,,,,,,,,,,,,,,
HUNDO,s danes,,,,,Dinamarca,,,,,,,,,,,,,
Lacazette,s danes,,,,,Dinamarca,,,,,,,,,,,,,
Solhverv,s danes,,,,,Dinamarca,,,,,,,,,,,,,
Dejlig,s danes,,,,,Dinamarca,,,,,,,,,,,,,
BlÃƒÂ¥ Himmel (feat. Hans Philip),s danes,,,,,Dinamarca,,,,,,,,,,,,,
Til Banken (Natasja X Tessa X Karen Mukupa),s danes,,,,,Dinamarca,,,,,,,,,,,,,
ErruDumEllaHvad,s danes,,,,,Dinamarca,,,,,,,,,,,,,
Cardio,s danes,,,,,Dinamarca,,,,,,,,,,,,,
Nix Normal,s danes,,,,,Dinamarca,,,,,,,,,,,,,
What A Life,s ingles,,,,,Dinamarca,,,,,,,,,,,,,
Uh We,s danes,,,,,Dinamarca,,,,,,,,,,,,,
Filur (feat. Gilli),s danes,,,,,Dinamarca,,,,,,,,,,,,,
ALL MY LOVE (feat. ATYPisK),s danes,,,,,Dinamarca,,,,,,,,,,,,,
Get The Bag,s noruego,,,,,Dinamarca,,,,,,,,,,,,,
Tinka,s danes,,,,,Dinamarca,,,,,,,,,,,,,
HOE HOE HOE,s danes,,,,,Dinamarca,,,,,,,,,,,,,
SO DONE,s ingles,,,,,Dinamarca,,,,,Irlanda,,,Noruega,,,,,
Mozart,s ingles,,,,,Dinamarca,,,,,,,,,,,,,
Lille Store Verden,s danes,,,,,Dinamarca,,,,,,,,,,,,,
Jeg Vil La' Lyset BrÃƒÂ¦nde,s danes,,,,,Dinamarca,,,,,,,,,,,,,
Mistletoe,s ingles,,,,,Dinamarca,,,,,,Islandia,,Noruega,,,,,
Girl Like You,s ingles,,,,,Dinamarca,,,,,,,,,,,,,
Share That Love (feat. G-Eazy),s ingles,,,,,Dinamarca,,,,,,,,,,,,,
Der' Noget I December,s danes,,,,,Dinamarca,,,,,,,,,,,,,
I En Stjerneregn Af Sne,s danes,,,,,Dinamarca,,,,,,,,,,,,,
Svag,s sueco,,,,,Dinamarca,,,,,,,,Noruega,,,Suecia,,
Replay,s danes,,,,,Dinamarca,,,,,,,,,,,,,
Mindre,s danes,,,,,Dinamarca,,,,,,,,,,,,,
Baby,s danes,,,,,Dinamarca,,,,,,,,,,,,,
TÃƒÂº Me Dejaste De Querer (feat. NiÃƒÂ±o de Elche & La Hungara),s español,,,,,,esp,,,,,,,,,,,,
La Nota,s español,,,,,,esp,,,,,,,,,,,,
Problemas,s español,,,,,,esp,,,,,,,,,,,,
Demasiadas Mujeres,s español,,,,,,esp,,,,,,,,,,,,
Mi NiÃƒÂ±a,s español,,,,,,esp,,,,,,,,,,,,
A Un Paso De La Luna,s español,,,,,,esp,,,,,,,,,,,,
La Luz,s español,,,,,,esp,,,,,,,,,,,,
BICHOTA,s español,,,,,,esp,,,,,,,,,,,,
Una Locura,s español,,,,,,esp,,,,,,,,,,,,
Entre tÃƒÂº y yo,s español,,,,,,esp,,,,,,,,,,,,
Despeinada,s español,,,,,,esp,,,,,,,,,,,,
Reloj,s español,,,,,,esp,,,,,,,,,,,,
Chica Ideal,s español,,,,,,esp,,,,,,,,,,,,
Motorola,s español,,,,,,esp,,,,,,,,,,,,
Blin Blin,s español,,,,,,esp,,,,,,,,,,,,
RelaciÃƒÂ³n - Remix,s español,,,,,,esp,,,,,,,,,,,,
Vida de Rico,s español,,,,,,esp,,,,,,,,,,,,
Del Mar,s español,,,,,,esp,,,,,,,,,,,,
QuÃƒÂ© Le Voy a Hacer,s español,,,,,,esp,,,,,,,,,,,,
De Cora <3,s español,,,,,,esp,,,,,,,,,,,,
Fake Capo (Remix),s español,,,,,,esp,,,,,,,,,,,,
Yo No Voy,s español,,,,,,esp,,,,,,,,,,,,
Enchule,s español,,,,,,esp,,,,,,,,,,,,
La TÃƒÂ³xica,s español,,,,,,esp,,,,,,,,,,,,
Se Te Nota (with Guaynaa),s español,,,,,,esp,,,,,,,,,,,,
Tussi,s español,,,,,,esp,,,,,,,,,,,,
La Curiosidad,s español,,,,,,esp,,,,,,,,,,,,
Jeans,s español,,,,,,esp,,,,,,,,,,,,
Como Estrellas,s español,,,,,,esp,,,,,,,,,,,,
Mami,s español,,,,,,esp,,,,,,,,,,,,
Don Don,s español,,,,,,esp,,,,,,,,,,,,
Polvo,s español,,,,,,esp,,,,,,,,,,,,
Parce (feat. Justin Quiles),s español,,,,,,esp,,,,,,,,,,,,
Tu Foto Del DNI,s español,,,,,,esp,,,,,,,,,,,,
cÃƒÂ³mo te va?,s español,,,,,,esp,,,,,,,,,,,,
Bonita,s español,,,,,,esp,,,,,,,,,,,,
Tattoo - Remix with Camilo,s español,,,,,,esp,,,,,,,,,,,,
UN DIA (ONE DAY) (Feat. Tainy),s ingles,,,,,,esp,,,,,,,,,,,,
Lonely (with benny blanco),s ingles,,,,,,esp,Finlandia,,,Irlanda,Islandia,,Noruega,Paises Bajos,Reino Unido,Suecia,Suiza,Luxemburgo
Nunca Estoy,s español,,,,,,esp,,,,,,,,,,,,
34 Amor y MaFinlanda,s español,,,,,,esp,,,,,,,,,,,,
BatmÃƒÂ³vil - Remix,s español,,,,,,esp,,,,,,,,,,,,
Ayer Me LlamÃƒÂ³ Mi Ex (feat. Lenny Santos),s español,,,,,,esp,,,,,,,,,,,,
PyyntÃƒÂ¶ - Vain elÃƒÂ¤mÃƒÂ¤ÃƒÂ¤ kausi 11,s finlandes,,,,,,,Finlandia,,,,,,,,,,,
Dinosauruksii,s finlandes,,,,,,,Finlandia,,,,,,,,,,,
Frida,s finlandes,,,,,,,Finlandia,,,,,,,,,,,
Universum,s finlandes,,,,,,,Finlandia,,,,,,,,,,,
Penelope (feat. Clever),s finlandes,,,,,,,Finlandia,,,,,,,,,,,
PIrelandnen pojan elÃƒÂ¤mÃƒÂ¤ÃƒÂ¤ (Vain elÃƒÂ¤mÃƒÂ¤ÃƒÂ¤ kausi 11),s finlandes,,,,,,,Finlandia,,,,,,,,,,,
Kuningaskobra (Vain elÃƒÂ¤mÃƒÂ¤ÃƒÂ¤ kausi 11),s finlandes,,,,,,,Finlandia,,,,,,,,,,,
Lady Domina,s finlandes,,,,,,,Finlandia,,,,,,,,,,,
Villi kortti,s finlandes,,,,,,,Finlandia,,,,,,,,,,,
EpÃƒÂ¤kohtelias (feat. Axel Kala & Gettomasa),s finlandes,,,,,,,Finlandia,,,,,,,,,,,
Ãƒâ€žlÃƒÂ¤ peitÃƒÂ¤ mun aurinkoo (Vain elÃƒÂ¤mÃƒÂ¤ÃƒÂ¤ kausi 11),s finlandes,,,,,,,Finlandia,,,,,,,,,,,
Monster (Shawn Mendes & Justin BIrelandber),s ingles,,,,,,,Finlandia,,Grecia,Irlanda,Islandia,Italia,Noruega,Paises Bajos,Reino Unido,Suecia,Suiza,
Lupaan,s finlandes,,,,,,,Finlandia,,,,,,,,,,,
Hei rakas,s finlandes,,,,,,,Finlandia,,,,,,,,,,,
Syntisten pÃƒÂ¶ytÃƒÂ¤,s finlandes,,,,,,,Finlandia,,,,,,,,,,,
Sami Kuronen - Vain elÃƒÂ¤mÃƒÂ¤ÃƒÂ¤ kausi 11,s finlandes,,,,,,,Finlandia,,,,,,,,,,,
SeitsemÃƒÂ¤n miljardii (feat. Anni Lahe),s finlandes,,,,,,,Finlandia,,,,,,,,,,,
Enkelten kaupunki,s finlandes,,,,,,,Finlandia,,,,,,,,,,,
100,s finlandes,,,,,,,Finlandia,,,,,,,,,Suecia,,
PÃƒÂ¤ÃƒÂ¤stÃƒÂ¤ varpaisiin,s finlandes,,,,,,,Finlandia,,,,,,,,,,,
Kopiokissa,s finlandes,,,,,,,Finlandia,,,,,,,,,,,
Mariskalaatio - Vain elÃƒÂ¤mÃƒÂ¤ÃƒÂ¤ kausi 11,s finlandes,,,,,,,Finlandia,,,,,,,,,,,
Uusia Muistoi,s finlandes,,,,,,,Finlandia,,,,,,,,,,,
Pojat (feat. Yeboyah),s finlandes,,,,,,,Finlandia,,,,,,,,,,,
Niks ja naks (Vain elÃƒÂ¤mÃƒÂ¤ÃƒÂ¤ kausi 11),s finlandes,,,,,,,Finlandia,,,,,,,,,,,
Tivolit,s finlandes,,,,,,,Finlandia,,,,,,,,,,,
Onneks,s finlandes,,,,,,,Finlandia,,,,,,,,,,,
My Head & My Heart,s ingles,,,,,,,Finlandia,,,,,,Noruega,,,Suecia,,
molemmat,s finlandes,,,,,,,Finlandia,,,,,,,,,,,
TÃƒÂ¤ssÃƒÂ¤kÃƒÂ¶ tÃƒÂ¤ÃƒÂ¤ oli? (feat. Leavings-Orkesteri),s finlandes,,,,,,,Finlandia,,,,,,,,,,,
EpÃƒÂ¤rÃƒÂ¶imÃƒÂ¤ttÃƒÂ¤ hetkeekÃƒÂ¤ÃƒÂ¤n,s finlandes,,,,,,,Finlandia,,,,,,,,,,,
Turn Up,s frances,,,,,,,,Francia,,,,,,,,,,
Tu paniques,s frances,,,,,,,,Francia,,,,,,,,,,
Coffre plein,s frances,,,,,,,,Francia,,,,,,,,,,
Wow,s frances,,,,,,,,Francia,,,,,,,,,,
Cache Cash,s frances,,,,,,,,Francia,,,,,,,,,,
Money Train,s frances,,,,,,,,Francia,,,,,,,,,,
Dans la zone,s frances,,,,,,,,Francia,,,,,,,,,,
Les puristes,s frances,,,,,,,,Francia,,,,,,,,,,
Dieu merci,s frances,,,,,,,,Francia,,,,,,,,,,
Tu connais l'gang,s frances,,,,,,,,Francia,,,,,,,,,,
But en or,s frances,,,,,,,,Francia,,,,,,,,,,
Bro Bro,s frances,,,,,,,,Francia,,,,,,,,,,
Insta Twitter,s frances,,,,,,,,Francia,,,,,,,,,,
Cabeza,s frances,,,,,,,,Francia,,,,,,,,,,
Tout en Gucci,s frances,,,,,,,,Francia,,,,,,,,,,
Slide,s frances,,,,,,,,Francia,,,,,,,,,,
Doudou,s frances,,,,,,,,Francia,,,,,,,,,,
Pilote (feat. Hamza),s frances,,,,,,,,Francia,,,,,,,,,,
Doute,s frances,,,,,,,,Francia,,,,,,,,,,
Amour toxic,s frances,,,,,,,,Francia,,,,,,,,,,
Tarifs,s frances,,,,,,,,Francia,,,,,,,,,,
Ãƒâ‚¬ la fÃƒÂªte,s frances,,,,,,,,Francia,,,,,,,,,,
PrÃƒÂ©fÃƒÂ©rÃƒÂ© (feat. OBOY),s frances,,,,,,,,Francia,,,,,,,,,,
J'oublie pas,s frances,,,,,,,,Francia,,,,,,,,,,
Sale boulot,s frances,,,,,,,,Francia,,,,,,,,,,
Macaroni (feat. Ninho),s frances,,,,,,,,Francia,,,,,,,,,,
Shooter,s frances,,,,,,,,Francia,,,,,,,,,,
La meilleure,s frances,,,,,,,,Francia,,,,,,,,,,
Moments,s frances,,,,,,,,Francia,,,,,,,,,,
Elle est gang,s frances,,,,,,,,Francia,,,,,,,,,,
5G,s frances,,,,,,,,Francia,,,,,,,,,,
Street Values,s griego,,,,,,,,,Grecia,,,,,,,,,
Hoodstars,s griego,,,,,,,,,Grecia,,,,,,,,,
XILIOMETRA,s griego,,,,,,,,,Grecia,,,,,,,,,
Fendi,s griego,,,,,,,,,Grecia,,,,,,,,,
AMG,s griego,,,,,,,,,Grecia,,,,,,,,,
Googlare,s griego,,,,,,,,,Grecia,,,,,,,,,
Bonie,s griego,,,,,,,,,Grecia,,,,,,,,,
Big Moves - Vol. 1,s griego,,,,,,,,,Grecia,,,,,,,,,
Bosses,s griego,,,,,,,,,Grecia,,,,,,,,,
Pistoli,s griego,,,,,,,,,Grecia,,,,,,,,,
Etsi,s griego,,,,,,,,,Grecia,,,,,,,,,
Rudeboys,s griego,,,,,,,,,Grecia,,,,,,,,,
Viktoria,s griego,,,,,,,,,Grecia,,,,,,,,,
Millionaire,s griego,,,,,,,,,Grecia,,,,,,,,,
SUPERSTAR,s griego,,,,,,,,,Grecia,,,,,,,,,
Afto Pou Agapas,s griego,,,,,,,,,Grecia,,,,,,,,,
Homie,s griego,,,,,,,,,Grecia,,,,,,,,,
Fimi,s griego,,,,,,,,,Grecia,,,,,,,,,
Emena Na Akous,s griego,,,,,,,,,Grecia,,,,,,,,,
Overdose,s griego,,,,,,,,,Grecia,,,,,,,,,
Telepathy,s n koreano,,,,,,,,,Grecia,,,,,,,,,
Dior,s ingles,,,,,,,,,Grecia,,,,,,,,,Luxemburgo
Kamikazi,s griego,,,,,,,,,Grecia,,,,,,,,,
Stay,s n koreano,,,,,,,,,Grecia,,,,,,,,,
NANA,s griego,,,,,,,,,Grecia,,,,,,,,,
Hooligans,s griego,,,,,,,,,Grecia,,,,,,,,,
Iced Out,s griego,,,,,,,,,Grecia,,,,,,,,,
Filakes,s griego,,,,,,,,,Grecia,,,,,,,,,
Slang,s griego,,,,,,,,,Grecia,,,,,,,,,
Kotera,s griego,,,,,,,,,Grecia,,,,,,,,,
Agria Thalassa,s griego,,,,,,,,,Grecia,,,,,,,,,
Paradise (feat. Dermot Kennedy),s ingles,,,,,,,,,,Irlanda,,,,,Reino Unido,,,
Levitating (feat. DaBaby),s ingles,,,,,,,,,,Irlanda,,,,Paises Bajos,Reino Unido,,,
Looking for Me,s ingles,,,,,,,,,,Irlanda,,,,,Reino Unido,,,
See Nobody,s ingles,,,,,,,,,,Irlanda,,,,,Reino Unido,,,
Sueet Melody,s ingles,,,,,,,,,,Irlanda,,,,,Reino Unido,,,
Eenie Meenie,s ingles,,,,,,,,,,Irlanda,,,,,,,,
Don't Cry,s ingles,,,,,,,,,,Irlanda,,,,,,,,
pov,s ingles,,,,,,,,,,Irlanda,Islandia,,Noruega,,Reino Unido,,,
Tick Tock (feat. 24kGoldn),s ingles,,,,,,,,,,Irlanda,,,,Paises Bajos,Reino Unido,,,
Lasting Lover,s ingles,,,,,,,,,,Irlanda,,,,,Reino Unido,,,
Dreams - 2004 Remaster,s ingles,,,,,,,,,,Irlanda,,,,,Reino Unido,,,
Really Love (feat. Craig David & Digital Farm Animals),s ingles,,,,,,,,,,Irlanda,,,,,Reino Unido,,,
Ain't It Different (feat. AJ Tracey & Stormzy),s ingles,,,,,,,,,,Irlanda,,,,,Reino Unido,,,
Rockin' Around The Christmas Tree,s ingles,,,,,,,,,,Irlanda,Islandia,,,,Reino Unido,,,
Laugh Now Cry Later (feat. Lil Durk),s ingles,,,,,,,,,,Irlanda,,,,,Reino Unido,,,Luxemburgo
It's Beginning to Look a Lot like Christmas,s ingles,,,,,,,,,,Irlanda,Islandia,,Noruega,,Reino Unido,,,
Fairytale of New York (feat. Kirsty MacColl),s ingles,,,,,,,,,,Irlanda,,,,,Reino Unido,,,
A92 x Fumez The Engineer - Plugged In Freestyle,s ingles,,,,,,,,,,Irlanda,,,,,,,,
Diamonds,s ingles,,,,,,,,,,Irlanda,,,,,,,,
RÃƒÂ³legur KÃƒÂºreki,s islandes,,,,,,,,,,,Islandia,,,,,,,
Esjan,s islandes,,,,,,,,,,,Islandia,,,,,,,
DjÃƒÂºp SÃƒÂ¡r GreeceÃƒÂ³a HÃƒÂ¦gt,s islandes,,,,,,,,,,,Islandia,,,,,,,
FljÃƒÂºgÃƒÂ°u burt dÃƒÂºfa,s islandes,,,,,,,,,,,Islandia,,,,,,,
SÃƒÂ³lblÃƒÂ³m,s islandes,,,,,,,,,,,Islandia,,,,,,,
RauÃƒÂ°ar RÃƒÂ³sir FÃƒÂ¶lna,s islandes,,,,,,,,,,,Islandia,,,,,,,
SnjÃƒÂ³korn falla,s islandes,,,,,,,,,,,Islandia,,,,,,,
Hann Er Ekki ÃƒÅ¾ÃƒÂº,s islandes,,,,,,,,,,,Islandia,,,,,,,
Fimm,s islandes,,,,,,,,,,,Islandia,,,,,,,
Ef ÃƒÂ©g nenni,s islandes,,,,,,,,,,,Islandia,,,,,,,
LÃƒÂ¶ngu liÃƒÂ°nir dagar,s islandes,,,,,,,,,,,Islandia,,,,,,,
StjÃƒÂ¶rnurnar,s islandes,,,,,,,,,,,Islandia,,,,,,,
JÃƒÂ³lin eru aÃƒÂ° koma,s islandes,,,,,,,,,,,Islandia,,,,,,,
ÃƒÅ¾ÃƒÂº komst meÃƒÂ° jÃƒÂ³lin til mÃƒÂ­n,s islandes,,,,,,,,,,,Islandia,,,,,,,
Ãƒâ€°g hlakka svo til,s islandes,,,,,,,,,,,Islandia,,,,,,,
ÃƒÅ¾egar ÃƒÅ¾ÃƒÂº Blikkar (feat. BjÃƒÂ¶rgvin HalldÃƒÂ³rsson),s islandes,,,,,,,,,,,Islandia,,,,,,,
NÃƒÂ¦r ÃƒÅ¾ÃƒÂ©r,s islandes,,,,,,,,,,,Islandia,,,,,,,
ÃƒÂ kvÃƒÂ¶ld er gigg,s danes,,,,,,,,,,,Islandia,,,,,,,
Mood Suings (feat. Lil Tjay),s ingles,,,,,,,,,,,Islandia,,,,Reino Unido,,,
Draumaland,s islandes,,,,,,,,,,,Islandia,,,,,,,
Eitt lÃƒÂ­tiÃƒÂ° jÃƒÂ³lalag,s islandes,,,,,,,,,,,Islandia,,,,,,,
FlÃƒÂ½g (feat. Bubbi Morthens),s islandes,,,,,,,,,,,Islandia,,,,,,,
HOLIDAY,s ingles,,,,,,,,,,,Islandia,,Noruega,,,,,
Eltum SÃƒÂ³lina (Intermission),s islandes,,,,,,,,,,,Islandia,,,,,,,
Baby (with J Balvin),s italiano,,,,,,,,,,,,Italia,,,,,Suiza,
Tik Tok (feat. Marracash & GuÃƒÂ¨ Pequeno),s italiano,,,,,,,,,,,,Italia,,,,,Suiza,
Hollywood (feat. Diplo),s italiano,,,,,,,,,,,,Italia,,,,,Suiza,
Abracadabra (feat. Future),s italiano,,,,,,,,,,,,Italia,,,,,Suiza,
BottiglIreland PrivÃƒÂ¨,s italiano,,,,,,,,,,,,Italia,,,,,,
Macarena (feat. Offset),s italiano,,,,,,,,,,,,Italia,,,,,Suiza,
$Ã¢â€šÂ¬ Freestyle,s italiano,,,,,,,,,,,,Italia,,,,,Suiza,
Male,s italiano,,,,,,,,,,,,Italia,,,,,Suiza,
Giovani Re,s italiano,,,,,,,,,,,,Italia,,,,,,
Gelosi,s italiano,,,,,,,,,,,,Italia,,,,,,
Gangang (feat. Lil Mosey),s italiano,,,,,,,,,,,,Italia,,,,,,
Salam Alaikum (feat. 7ari & Steve Aoki),s italiano,,,,,,,,,,,,Italia,,,,,,
6:00 AM,s italiano,,,,,,,,,,,,Italia,,,,,,
Destri,s italiano,,,,,,,,,,,,Italia,,,,,,
Concedimi,s italiano,,,,,,,,,,,,Italia,,,,,,
SLATT (feat. Capo Plaza),s italiano,,,,,,,,,,,,Italia,,,,,,
Superclassico,s italiano,,,,,,,,,,,,Italia,,,,,,
ALTALENE (feat. Mara Sattei & Coez),s italiano,,,,,,,,,,,,Italia,,,,,,
Bella Storia,s italiano,,,,,,,,,,,,Italia,,,,,,
Mama (feat. Nitro),s italiano,,,,,,,,,,,,Italia,,,,,,
Cuore Nero - prod. Frenetik&Orang3,s italiano,,,,,,,,,,,,Italia,,,,,,
Chico (feat. Rose Villain & LuchÃƒÂ¨),s italiano,,,,,,,,,,,,Italia,,,,,,
M' Manc (con GeolIrelandr & Sfera Ebbasta),s italiano,,,,,,,,,,,,Italia,,,,,,
VENT'ANNI,s italiano,,,,,,,,,,,,Italia,,,,,,
Scooby Doo,s italiano,,,,,,,,,,,,Italia,,,,,,
Mondo Di Fango,s italiano,,,,,,,,,,,,Italia,,,,,,
Crepe,s italiano,,,,,,,,,,,,Italia,,,,,,
A Un Passo Dalla Luna,s italiano,,,,,,,,,,,,Italia,,,,,,
TATUAGGI (feat. ARIrelandTE),s italiano,,,,,,,,,,,,Italia,,,,,,
Te lo prometto,s italiano,,,,,,,,,,,,Italia,,,,,,
Barcellona,s italiano,,,,,,,,,,,,Italia,,,,,,
Spigoli (feat. Mara Sattei & tha Supreme),s italiano,,,,,,,,,,,,Italia,,,,,,
Scusa,s italiano,,,,,,,,,,,,Italia,,,,,,
22 settembre,s italiano,,,,,,,,,,,,Italia,,,,,,
Il bacio di Klimt,s italiano,,,,,,,,,,,,Italia,,,,,,
X 1 MEX (feat. Dani Faiv),s italiano,,,,,,,,,,,,Italia,,,,,,
Dorado (feat. Sfera Ebbasta & Feid),s italiano,,,,,,,,,,,,Italia,,,,,,
Lacri-ma,s italiano,,,,,,,,,,,,Italia,,,,,,
Mediterranea,s italiano,,,,,,,,,,,,Italia,,,,,,
BlimE! - Ser Deg,s noruego,,,,,,,,,,,,,Noruega,,,,,
Somebody,s ingles,,,,,,,,,,,,,Noruega,,,,,
Head Shoulders Knees & Toes (feat. Norma Jean Martine),s ingles,,,,,,,,,,,,,Noruega,Paises Bajos,,Suecia,Suiza,Luxemburgo
It's Ok If You Forget Me,s ingles,,,,,,,,,,,,,Noruega,,,,,
Dear God,s ingles,,,,,,,,,,,,,Noruega,,,,,
Heartbreaker (feat. Arif),s noruego,,,,,,,,,,,,,Noruega,,,,,
Hvis verden,s noruego,,,,,,,,,,,,,Noruega,,,,,
Karl Johan,s noruego,,,,,,,,,,,,,Noruega,,,,,
Vinterdepresjon,s noruego,,,,,,,,,,,,,Noruega,,,,,
Home for Christmas,s ingles,,,,,,,,,,,,,Noruega,,,,,
Fly Away,s ingles,,,,,,,,,,,,,Noruega,,,Suecia,,
Before You Go,s ingles,,,,,,,,,,,,,Noruega,,,,,
Tyler Herro,s ingles,,,,,,,,,,,,,Noruega,,,,,
Himmel PÃƒÂ¥ Jord,s noruego,,,,,,,,,,,,,Noruega,,,,,
Be Okay,s ingles,,,,,,,,,,,,,Noruega,,,,,
Het Leven is Een Trip,ss neerlandes,,,,,,,,,,,,,,Paises Bajos,,,,
Scooter,s neerlandes,,,,,,,,,,,,,,Paises Bajos,,,,
Door De Wind,s neerlandes,,,,,,,,,,,,,,Paises Bajos,,,,
In De Schuur,s neerlandes,,,,,,,,,,,,,,Paises Bajos,,,,
Dansen Aan De greacht,s neerlandes,,,,,,,,,,,,,,Paises Bajos,,,,
Beautiful Life,s neerlandes,,,,,,,,,,,,,,Paises Bajos,,,,
De Overkant,s neerlandes,,,,,,,,,,,,,,Paises Bajos,,,,
Als Ik Je NIrelandt Zie,s neerlandes,,,,,,,,,,,,,,Paises Bajos,,,,
Far Away From Home (feat. Leony),s ingles,,,,,,,,,,,,,,Paises Bajos,,,,
MÃƒÂ¡s MÃƒÂ¡s MÃƒÂ¡s,s neerlandes,,,,,,,,,,,,,,Paises Bajos,,,,
Ik Kom Je Halen,s neerlandes,,,,,,,,,,,,,,Paises Bajos,,,,
Daar Met Jou,s neerlandes,,,,,,,,,,,,,,Paises Bajos,,,,
Amiri Jeans,s neerlandes,,,,,,,,,,,,,,Paises Bajos,,,,
HawÃƒÂ¡i - Remix,s español,,,,,,,,,,,,,,Paises Bajos,,,,Luxemburgo
Let's Love,s ingles,,,,,,,,,,,,,,Paises Bajos,,,,
De Echte Vent,s neerlandes,,,,,,,,,,,,,,Paises Bajos,,,,
Donderdag,s neerlandes,,,,,,,,,,,,,,Paises Bajos,,,,
Vakantie (with Jonna Fraser),s neerlandes,,,,,,,,,,,,,,Paises Bajos,,,,
Save Your Tears,s ingles,,,,,,,,,,,,,,Paises Bajos,,,,
Don't Leave Me Now,s ingles,,,,,,,,,,,,,,Paises Bajos,,,,
Roller Coaster,s ingles,,,,,,,,,,,,,,Paises Bajos,,,,
Kings & Queens,s ingles,,,,,,,,,,,,,,Paises Bajos,,,,
Lighter (feat. KSI),s ingles,,,,,,,,,,,,,,,Reino Unido,,,
Wishing Well,s ingles,,,,,,,,,,,,,,,Reino Unido,,,
Sunflower - Spider-Man: Into the Spider-Verse,s ingles,,,,,,,,,,,,,,,Reino Unido,,,
Underneath the Tree,s ingles,,,,,,,,,,,,,,,Reino Unido,,,
Ge upp igen,s sueco,,,,,,,,,,,,,,,,Suecia,,
SÃƒÂ¤g Mig Var Du StÃƒÂ¥r,s sueco,,,,,,,,,,,,,,,,Suecia,,
LÃƒÂ¥ngt bort hÃƒÂ¤rifrÃƒÂ¥n,s sueco,,,,,,,,,,,,,,,,Suecia,,
Jag mÃƒÂ¥r bra nu (feat. Newkid),s sueco,,,,,,,,,,,,,,,,Suecia,,
Glad fÃƒÂ¶r din skull,s sueco,,,,,,,,,,,,,,,,Suecia,,
LÃƒÂ¥ngsamt farvÃƒÂ¤l,s sueco,,,,,,,,,,,,,,,,Suecia,,
SALSA,s sueco,,,,,,,,,,,,,,,,Suecia,,
TÃƒÂ¤nd alla ljus,s sueco,,,,,,,,,,,,,,,,Suecia,,
Komplicerad,s sueco,,,,,,,,,,,,,,,,Suecia,,
LOVERMAN,s sueco,,,,,,,,,,,,,,,,Suecia,,
En sÃƒÂ¤ng av rosor,s sueco,,,,,,,,,,,,,,,,Suecia,,
HKF (HÃƒÂ¥ll kÃƒÂ¤ften & fÃƒÂ¶rsvinn),s sueco,,,,,,,,,,,,,,,,Suecia,,
NÃƒÂ¤r jag ser dig,s sueco,,,,,,,,,,,,,,,,Suecia,,
Dum,s sueco,,,,,,,,,,,,,,,,Suecia,,
Det Kommer Bli Bra,s sueco,,,,,,,,,,,,,,,,Suecia,,
DITT FEL (Spotify Studio ItÃ¢â‚¬â„¢s Hits Recording),s sueco,,,,,,,,,,,,,,,,Suecia,,
Savage Love (Laxed - Siren Beat),ingles,,,,,,,,,,,,,,,,Suecia,Suiza,Luxemburgo
BedÃƒÂ¶vning,s sueco,,,,,,,,,,,,,,,,Suecia,,
Vi gjorde vÃƒÂ¥rt bÃƒÂ¤sta,s sueco,,,,,,,,,,,,,,,,Suecia,,
Se pÃƒÂ¥ mig (Crunk Rock),s sueco,,,,,,,,,,,,,,,,Suecia,,
Love Not War (The Tampa Beat),s ingles,,,,,,,,,,,,,,,,Suecia,,
Galen,s sueco,,,,,,,,,,,,,,,,Suecia,,
Tribut,s aleman,,,,,,,,,,,,,,,,,Suiza,
Woher (feat. Sido),s aleman,,,,,,,,,,,,,,,,,Suiza,Luxemburgo
Gestern nix heute Star (feat. Samra),s aleman,,,,,,,,,,,,,,,,,Suiza,
gebe auf.,s aleman,,,,,,,,,,,,,,,,,Suiza,
Monster (Shawn Mendes & Justin Bieber),s ingles,,,,,,,,,,,,,,,,,,Luxemburgo
Prisoner (feat. Dua Lipa),s ingles,,,,,,,,,,,,,,,,,,Luxemburgo
you broke me first,s ingles,,,,,,,,,,,,,,,,,,Luxemburgo
Bande organisÃƒÂ©e,s aleman,,,,,,,,,,,,,,,,,,Luxemburgo
Ma jolie (feat. Leto),s ingles,,,,,,,,,,,,,,,,,,Luxemburgo
Pistou,s frances,,,,,,,,,,,,,,,,,,Luxemburgo
Mood Swings (feat. Lil Tjay),s ingles,,,,,,,,,,,,,,,,,,Luxemburgo
Roses - Imanbek Remix,s ingles,,,,,,,,,,,,,,,,,,Luxemburgo
Les puristes,s frances,,,,,,,,,,,,,,,,,,Luxemburgo
All I Want for Christmas Is You,s ingles,,,,,,,,,,,,,,,,,,Luxemburgo
